Essência Zomo Mint,1000,10
Essência Zomo Passion Fruit With Mint,1000,10
Essência Zomo Strawberry,1000,10
Essência Zomo Strawberry Creamy,1000,10
Essência Zomo Tequila,1000,10
Essência Zomo Two Apple,1000,10
Essência Zomo Watermelon Mint,1000,10
Essência Zomo Açaí Cream,1000,10
Essência Zomo Alfajor,1000,10
Essência Zomo Blueberry,1000,10
Essência Zomo Blueberry Mint,1000,10
Essência Zomo Cherry Cream,1000,10
Essência Zomo Cool Lemon,1000,10
Essência Zomo Dulce De Leche,1000,10
Essência Zomo Four Seasons,1000,10
Essência Zomo Gum,1000,10
Essência Zomo Kiwi,1000,10
Essência Zomo Kiwi With Lemon,1000,10
Essência Zomo Melon,1000,10
Essência Zomo Abacaloco,1000,10
Essência Zomo Framboera,1000,10
Essência Zomo Melancia Atômica,1000,10
Essência Zomo Melon Drops,1000,10
Essência Zomo Melorango,1000,10
Essência Zomo Quentão,1000,10
Essência Zomo Sorvetuva,1000,10
Essência Zomo Splash Lemon,1000,10
Essência Zomo Splash Tanger,1000,10
Essência Zomo Strong Cherry,1000,10
Essência Zomo Strong Lemon,1000,10
Essência Zomo Strong Mint,1000,10
Essência Zomo Strong Peach,1000,10
Essência Zomo Strong Pear,1000,10
Essência Zomo Strong Red,1000,10
Essência Zomo Brabo,2500,10
Essência Zomo Feat Kevinho,2500,10
Essência Zomo Hungria,2500,10
Essência Zomo Raspadinha De Maracujá,2500,10
Essência Zomo Maldives,2500,10
Essência Zomo Beirut,1500,10
Essência Zomo Blue Caribbean,1500,10
Essência Zomo Buzios Dreams,1500,10
Essência Zomo Copacabana Beach,1500,10
Essência Zomo Dragon Wall,1500,10
Essência Zomo Fresh Aruba,1500,10
Essência Zomo Havana Style,1500,10
Essência Zomo Hollystar,1500,10
Essência Zomo Ibiza Sensations,1500,10
Essência Zomo Las Palmas,1500,10
Essência Zomo Machu Picchu,1500,10
Essência Zomo Magic Floripa,1500,10
Essência Zomo Miami Nights,1500,10
Essência Zomo Scotland,1500,10
Essência Zomo Secret Of Babylon,1500,10
Essência Zomo Swiss Alps,1500,10
Essência Zomo Thailand,1500,10
Essência Zomo Tibet,1500,10
Essência Zomo Tropical Amazon,1500,10
Essência Zomo Wild África,1500,10
Essência Ziggy CHERRY STARBUST,2500,10
Essência Ziggy YELLOW STARBUST,2500,10
Essência Ziggy HAPPY BERRY,2500,10
Essência Ziggy HAPOCALYX MINT,2500,10
Essência Ziggy LARANJOLA TROPICAL,2500,10
Essência Ziggy FRESH LEMON,2500,10
Essência Mazaya Poderoso,2000,10
Essência Mazaya Natural Watermelon With Mint,2000,10
Essência Mazaya Ruby Crush,2000,10
Essência Mazaya Bubble Gum,2000,10
Essência Mazaya Zaragata 50g,2000,10
Essência Mazaya Vrauuu 50g,2000,10
Essência Mazaya Joia Nova 50g,2000,10
Essência Mazaya Requebra 50g,2000,10
Essência Mazaya Mr Pepper 50g,2000,10
Essência Mazaya Iced Gum 50g,2000,10
Essência Mazaya Blueberry Lemon Mint 50g,2000,10
Essência Mazaya Iced Mint 50g,2000,10
